smiles,Vir_shifts,Ctype,score,DBindex
O=C(C=Cc1ccc(O)c(O)c1)OCC1OC(OCC(=CCO)CO)C(O)C(O)C1O,"[168.2222   116.927574 144.82402  127.00848  121.48051  115.69231
 147.26915  146.80724  114.13474   63.90992   74.72184  102.740456
  67.64223  141.37154  131.91292   59.996075  60.904903  73.02174
  75.378654  69.839554]","['s' 'd' 'd' 's' 'd' 'd' 's' 's' 'd' 't' 'd' 'd' 't' 's' 'd' 't' 't' 'd'
 'd' 'd']",66.59256660675362,158076
C=C(CO)C(COC1OC(CO)C(O)C(O)C1O)OC(=O)C=Cc1ccc(O)c(O)c1,"[114.77046  147.04063   63.283466  74.17472   72.802536 104.243484
  78.11038   62.191933  70.26922   76.03768   73.651344 168.19873
 116.35934  145.52238  127.64086  121.77537  116.049644 147.53555
 146.81592  115.013054]","['t' 's' 't' 'd' 't' 'd' 'd' 't' 'd' 'd' 'd' 's' 'd' 'd' 's' 'd' 'd' 's'
 's' 'd']",65.0413910648754,37841
OCC1OC(OCCc2ccc(O)c(O)c2)C(OC2OCC(O)(CO)C2O)C(O)C1O,"[ 61.90861   76.39213  102.442955  71.87256   35.543163 130.52626
 123.56847  116.61762  145.51456  146.86517  119.92668   75.990616
 107.29098   73.11376   79.06889   64.84916   76.0123    74.50667
  70.86467 ]","['t' 'd' 'd' 't' 't' 's' 'd' 'd' 's' 's' 'd' 'd' 'd' 't' 's' 't' 'd' 'd'
 'd']",65.00534421170157,93206
CC(C)(O)C1CC=C(C(=O)OC2OC(COC(=O)c3cc(O)c(O)c(O)c3)C(O)C(O)C2O)CC1,"[ 27.802677  72.812935  27.46961   44.211044  26.137793 140.7743
 130.80515  167.65932   97.36398   76.22851   64.05733  167.95772
 121.824615 109.042885 145.77182  139.2033   145.61142  109.10561
  70.016975  77.42369   72.833496  26.229963  24.637535]","['q' 's' 'q' 'd' 't' 'd' 's' 's' 'd' 'd' 't' 's' 's' 'd' 's' 's' 's' 'd'
 'd' 'd' 'd' 't' 't']",64.68049073289535,54607
C=C(COC(=O)C=Cc1ccc(O)c(O)c1)C(O)COC1OC(CO)C(O)C(O)C1O,"[115.31516  145.79681   65.65467  168.83072  116.36658  145.20714
 127.09707  121.68729  115.927765 147.3297   147.10356  114.87798
  71.08375   74.41533  104.13148   77.81532   62.203495  70.16532
  75.96367   73.70985 ]","['t' 's' 't' 's' 'd' 'd' 's' 'd' 'd' 's' 's' 'd' 'd' 't' 'd' 'd' 't' 'd'
 'd' 'd']",63.99132301205823,171505
CC(=CCO)CCC=C(C)C(=O)OCC1OC(OCCc2ccc(O)c(O)c2)C(O)C(O)C1O,"[ 20.238672 141.2622   125.11338   60.050484  35.256817  26.967407
 140.82803  128.91542   16.146215 168.6202    63.504482  75.26366
 104.09578   71.74821   34.59601  128.9669   120.744095 114.88892
 144.4995   145.58273  116.57983   72.36878   76.43163   69.09286 ]","['q' 's' 'd' 't' 't' 't' 'd' 's' 'q' 's' 't' 'd' 'd' 't' 't' 's' 'd' 'd'
 's' 's' 'd' 'd' 'd' 'd']",63.894237571788814,138056
CC(=CCC(O)C(C)=CCO)C(=O)OCC1OC(OCCc2ccc(O)c(O)c2)C(O)C(O)C1O,"[ 17.139845 132.22838  139.24992   36.168766  72.56934  143.63835
  16.328365 124.90499   60.17541  168.88094   63.70238   75.18632
 104.00436   71.92477   34.99825  129.39369  120.751465 115.384315
 144.8224   146.09052  116.677315  72.63284   76.29684   69.32828 ]","['q' 's' 'd' 't' 'd' 's' 'q' 'd' 't' 's' 't' 'd' 'd' 't' 't' 's' 'd' 'd'
 's' 's' 'd' 'd' 'd' 'd']",63.48031151731614,78148
OCC1OC(OCCc2ccc(O)c(O)c2)C(O)C(OC2OCC(O)(CO)C2O)C1O,"[ 61.703465  75.91552  104.015396  71.949974  35.349384 130.43553
 123.52715  116.75369  145.08763  146.65215  120.04983   71.43376
  79.82537  107.54289   73.29682   79.18245   64.67611   76.21742
  69.779564]","['t' 'd' 'd' 't' 't' 's' 'd' 'd' 's' 's' 'd' 'd' 'd' 'd' 't' 's' 't' 'd'
 'd']",63.251020685800306,140439
CC1(C)OC2(C)CCC1CC2OC1OC(COC(=O)c2cc(O)c(O)c(O)c2)C(O)C(O)C1O,"[ 27.444395  76.95066   27.181507  77.30322   24.032146  34.049576
  24.16303   42.425114  31.381666  83.89259  105.31123   75.63836
  64.81626  168.02205  121.55724  109.20199  145.89296  139.13188
 145.26236  109.13245   71.05366   76.003265  73.37803 ]","['q' 's' 'q' 's' 'q' 't' 't' 'd' 't' 'd' 'd' 'd' 't' 's' 's' 'd' 's' 's'
 's' 'd' 'd' 'd' 'd']",62.955464095425995,71080
CC(C)(O)C1CC=C(C(=O)OCC2OC(OC(=O)c3cc(O)c(O)c(O)c3)C(O)C(O)C2O)CC1,"[ 27.59176   72.770454  27.529003  44.14962   26.314539 141.28867
 130.80606  169.4181    63.647625  76.304756  97.84132  167.18768
 121.559166 109.0853   145.71088  139.35986  145.9997   109.03657
  72.774704  77.41178   69.95435   26.629099  25.088202]","['q' 's' 'q' 'd' 't' 'd' 's' 's' 't' 'd' 'd' 's' 's' 'd' 's' 's' 's' 'd'
 'd' 'd' 'd' 't' 't']",62.57157629938243,125080
OCCc1ccc(O)c(OC2OC(COC3OCC(O)(CO)C3O)C(O)C(O)C2O)c1,"[ 63.425438  38.86837  130.5638   126.79394  116.78088  146.71942
 147.00264  102.577324  75.75359   67.112015 107.06118   73.14664
  79.0112    64.50786   75.56637   70.84041   75.2741    72.77581
 119.65717 ]","['t' 't' 's' 'd' 'd' 's' 's' 'd' 'd' 't' 'd' 't' 's' 't' 'd' 'd' 'd' 'd'
 'd']",62.40259198790264,61121
OCC1(O)COC(OCC2OC(OCCc3ccc(O)c(O)c3)C(O)C(O)C2O)C1O,"[ 64.59702   79.3975    72.86724  107.2343    66.87873   74.698524
 103.30351   72.02302   35.757175 130.28142  123.57663  116.57628
 145.45638  146.6779   120.172905  72.502426  74.654106  70.64494
  76.19507 ]","['t' 's' 't' 'd' 't' 'd' 'd' 't' 't' 's' 'd' 'd' 's' 's' 'd' 'd' 'd' 'd'
 'd']",61.74438614500838,154314
CC=C(C)C(=O)OC1C(O)C(CO)OC(OCCCc2ccc(O)c(O)c2)C1O,"[ 15.892436 137.28165  128.084     16.322922 168.7864    76.424904
  68.74355   78.17138   62.315086 104.836296  70.8653    29.436548
  31.552847 135.42038  121.085625 115.665924 144.78322  146.0286
 116.53715   69.996124]","['q' 'd' 's' 'q' 's' 'd' 'd' 'd' 't' 'd' 't' 't' 't' 's' 'd' 'd' 's' 's'
 'd' 'd']",61.64020457584438,71657
O=C(C=Cc1ccc(O)c(O)c1)OC1C(OC2CCCCC2O)OC(CO)C(O)C1O,"[167.42575  116.14643  145.06876  127.53197  121.594444 115.664215
 147.43082  147.34993  114.872     73.12612  101.256454  80.33887
  29.376972  22.579102  22.178932  31.021511  71.54394   78.47611
  62.116558  70.37994   75.02085 ]","['s' 'd' 'd' 's' 'd' 'd' 's' 's' 'd' 'd' 'd' 'd' 't' 't' 't' 't' 'd' 'd'
 't' 'd' 'd']",61.46699858423437,58517
O=C(Cc1ccc(O)c(O)c1)OCC1OC(OCCc2ccc(O)c(O)c2)C(O)C(O)C1O,"[175.69574   40.829224 125.659996 121.43597  116.24283  146.33467
 146.77554  116.91536   64.07702   74.71653  104.30433   72.094444
  36.130466 130.08572  121.66938  116.45262  145.91617  147.04498
 117.67656   73.18308   75.32004   70.60145 ]","['s' 't' 's' 'd' 'd' 's' 's' 'd' 't' 'd' 'd' 't' 't' 's' 'd' 'd' 's' 's'
 'd' 'd' 'd' 'd']",61.43585270166913,138250
O=C(C=Cc1ccc(O)c(O)c1)OCC=C(CO)COC1OC(CO)C(O)C(O)C1O,"[168.38945  117.06595  144.56932  126.94862  121.73629  115.84287
 147.22392  146.90842  114.29078   63.343067 126.1397   145.05368
  60.597004  67.139565 103.06968   77.658455  61.72323   69.93357
  75.19646   72.88517 ]","['s' 'd' 'd' 's' 'd' 'd' 's' 's' 'd' 't' 'd' 's' 't' 't' 'd' 'd' 't' 'd'
 'd' 'd']",61.37637281992225,76832
O=C(Cc1ccc(O)c(O)c1)OCC1OC(OCC(=CCO)CO)C(O)C(O)C1O,"[175.08522   39.966484 125.41732  121.49105  115.78608  145.42372
 146.09164  117.80642   63.64244   74.983185 102.99798   67.13189
 141.96515  131.99623   60.107506  60.9021    72.05254   75.0891
  69.671364]","['s' 't' 's' 'd' 'd' 's' 's' 'd' 't' 'd' 'd' 't' 's' 'd' 't' 't' 'd' 'd'
 'd']",61.29627121709922,56227
Oc1ccc(CCCCC(CCc2ccc(O)c(O)c2)OC2OCC(O)C(O)C2O)cc1O,"[144.82587  115.61304  120.6982   135.00262   35.182434  28.873539
  23.90604   34.093246  80.61633   36.54636   31.757616 134.34207
 120.5243   115.69652  144.88016  145.60593  116.34948  102.952034
  65.298134  69.1661    75.82938   72.86763  116.242966 145.83527 ]","['s' 'd' 'd' 's' 't' 't' 't' 't' 'd' 't' 't' 's' 'd' 'd' 's' 's' 'd' 'd'
 't' 'd' 'd' 'd' 'd' 's']",61.23650095450715,106512
OCCc1ccc(OC2OC(CO)C(O)C(O)C2OC2OCC(O)(CO)C2O)c(O)c1,"[ 63.29784   38.060635 133.69583  121.815834 115.70081  145.99976
 101.7757    76.97305   61.883682  70.864334  75.51595   74.504654
 106.78892   73.44378   79.034454  64.313095  75.48095  147.5922
 119.96457 ]","['t' 't' 's' 'd' 'd' 's' 'd' 'd' 't' 'd' 'd' 'd' 'd' 't' 's' 't' 'd' 's'
 'd']",60.84643796635795,86450
OCC1OC(OC2CCC(c3ccc(O)c(O)c3)(c3ccc(O)c(O)c3)OC2)C(O)C(O)C1O,"[ 62.38517   76.68271  105.02794   73.06882   26.419966  35.828144
  80.97587  137.37848  119.08421  115.78455  146.91533  146.31017
 115.28639  137.47545  119.33362  115.63854  147.00578  146.0014
 115.22749   64.8038    72.71484   76.07215   70.531456]","['t' 'd' 'd' 'd' 't' 't' 's' 's' 'd' 'd' 's' 's' 'd' 's' 'd' 'd' 's' 's'
 'd' 't' 'd' 'd' 'd']",60.72183008264621,86542
O=C(CCc1ccc(O)cc1)CC(CCc1ccc(O)c(O)c1)OC1OCC(O)C(O)C1O,"[219.65749   46.06966   29.261875 132.72124  131.76921  115.94947
 156.47179  116.060104 131.61641   49.372387  75.152016  36.760174
  31.211214 133.92801  119.56629  115.46762  145.0551   146.29729
 116.43844  102.404564  65.612274  69.16036   75.44598   73.11638 ]","['s' 't' 't' 's' 'd' 'd' 's' 'd' 'd' 't' 'd' 't' 't' 's' 'd' 'd' 's' 's'
 'd' 'd' 't' 'd' 'd' 'd']",60.563351928591295,10821
O=C(CCc1ccc(O)c(O)c1)CC(CCc1ccc(O)c(O)c1)OC1OC(O)C(O)C(O)C1O,"[218.2184    45.47622   29.056227 132.5913   120.30751  116.06271
 145.57307  146.40858  116.816216  49.497196  75.21026   36.275555
  32.210564 134.38567  120.46729  116.04853  145.30856  146.60962
 116.76311  101.018875  95.85042   73.3155    74.70039   72.64339 ]","['s' 't' 't' 's' 'd' 'd' 's' 's' 'd' 't' 'd' 't' 't' 's' 'd' 'd' 's' 's'
 'd' 'd' 'd' 'd' 'd' 'd']",60.556744172184274,111353
CC(=O)OC(CCCCc1ccc(O)c(O)c1)CCc1ccc(O)cc1,"[ 21.018822 171.92186   72.734406  33.54594   23.875969  29.077087
  34.375233 134.78221  121.552895 115.35992  144.26953  145.51997
 116.169975  36.02378   31.658073 133.29959  131.2894   116.06559
 155.88274  116.01604  131.40126 ]","['q' 's' 'd' 't' 't' 't' 't' 's' 'd' 'd' 's' 's' 'd' 't' 't' 's' 'd' 'd'
 's' 'd' 'd']",60.2594591047145,4876
CC(C)(O)C1CC=C(C(=O)OCC2OC(Oc3cc(C(=O)O)cc(O)c3O)C(O)C(O)C2O)CC1,"[ 27.851408  72.75094   27.757128  44.588894  26.20135  141.06255
 131.34035  168.99554   63.89406   76.371605 102.962364 146.94789
 110.80318  122.093155 169.35425  112.34856  145.79453  140.65144
  73.27422   77.16073   69.906044  27.190737  24.630196]","['q' 's' 'q' 'd' 't' 'd' 's' 's' 't' 'd' 'd' 's' 'd' 's' 's' 'd' 's' 's'
 'd' 'd' 'd' 't' 't']",60.16275274731979,11626
OCC1OC(OC(CCCCc2ccc(O)c(O)c2)CCc2ccc(O)c(O)c2)C(O)C(O)C1O,"[ 62.2635    77.82442  104.335625  80.5582    34.26127   23.952665
  29.060665  35.036976 135.52013  120.60091  115.67368  145.17348
 146.36232  116.23691   36.699768  31.877872 134.5275   120.83936
 115.66285  145.11946  145.9839   116.342186  72.99357   76.18781
  70.41726 ]","['t' 'd' 'd' 'd' 't' 't' 't' 't' 's' 'd' 'd' 's' 's' 'd' 't' 't' 's' 'd'
 'd' 's' 's' 'd' 'd' 'd' 'd']",60.125134651466865,10594
CC(C)(O)C1CC=C(C(=O)OCC2OC(Oc3c(O)cc(C(=O)O)cc3O)C(O)C(O)C2O)CC1,"[ 27.848572  72.68587   28.105694  45.147724  26.66237  140.57796
 131.57248  168.75734   63.668987  76.40409  104.93279  135.67348
 152.3358   108.64753  125.244286 169.37677  108.67966  152.49661
  73.61472   77.2817    69.91813   27.040668  24.627247]","['q' 's' 'q' 'd' 't' 'd' 's' 's' 't' 'd' 'd' 's' 's' 'd' 's' 's' 'd' 's'
 'd' 'd' 'd' 't' 't']",60.06067223577599,11352
Oc1ccc(CCC(O)CC(CCc2ccc(O)c(O)c2)OC2OCC(O)C(O)C2O)cc1O,"[145.05992  115.69443  120.41056  134.61937   31.928255  39.213554
  68.73071   42.903824  78.405716  37.176105  31.828539 134.38371
 120.43344  115.65211  145.03226  146.36543  116.407326 103.327255
  64.77483   69.41636   75.91142   72.926056 116.358986 146.17433 ]","['s' 'd' 'd' 's' 't' 't' 'd' 't' 'd' 't' 't' 's' 'd' 'd' 's' 's' 'd' 'd'
 't' 'd' 'd' 'd' 'd' 's']",59.97384265816701,121915
COC1OC(OCCc2ccc(O)c(O)c2)C(OC2OCC(O)(CO)C2O)C(O)C1O,"[ 56.409443 102.07047   99.57972   71.75527   35.181267 130.08643
 123.31199  116.536644 145.56717  146.82326  119.9201    76.698784
 107.61588   73.36734   79.223274  64.426575  75.902245  73.27713
  72.30855 ]","['q' 'd' 'd' 't' 't' 's' 'd' 'd' 's' 's' 'd' 'd' 'd' 't' 's' 't' 'd' 'd'
 'd']",59.91497458191683,118608
Oc1ccc(CCCCC(O)CCc2ccc(O)c(O)c2)cc1,"[155.66426  115.65263  131.19942  133.87769   34.695873  28.6039
  23.858238  37.00596   70.0627    38.38243   31.725708 133.72217
 121.306816 115.1329   144.65845  146.09084  116.28394  131.08504
 115.83218 ]","['s' 'd' 'd' 's' 't' 't' 't' 't' 'd' 't' 't' 's' 'd' 'd' 's' 's' 'd' 'd'
 'd']",59.778440111497034,145968
COc1cc(C(=O)O)cc(OC)c1OC1OC(COC(=O)C2=CCC(C(C)(C)O)CC2)C(O)C(O)C1O,"[ 56.109726 153.03525  107.71813  126.70415  169.04982  107.60273
 152.92548   56.212646 139.29779  104.834366  76.1696    63.693954
 167.56683  130.90634  141.59921   27.011166  44.774097  72.41391
  27.614317  27.892761  24.422476  25.948788  69.62846   77.397964
  73.42457 ]","['q' 's' 'd' 's' 's' 'd' 's' 'q' 's' 'd' 'd' 't' 's' 's' 'd' 't' 'd' 's'
 'q' 'q' 't' 't' 'd' 'd' 'd']",59.73011038301661,129549
Oc1cc2ccc1Oc1cc(ccc1O)CC(O)C(O)CCCC2,"[147.09616  116.770676 137.76079  123.53376  120.45532  143.78383
 147.63243  123.81808  131.13048  127.86935  116.29751  146.25577
  37.529648  72.86813   72.6581    29.758821  22.757696  25.003668
  33.48953 ]","['s' 'd' 's' 'd' 'd' 's' 's' 'd' 's' 'd' 'd' 's' 't' 'd' 'd' 't' 't' 't'
 't']",59.72845833004626,123724
C=CCc1ccc(O)c(OC2OC(COC3OCC(O)(CO)C3O)C(O)C(O)C2O)c1,"[117.16345  139.11263   40.858635 131.5687   125.09435  116.86564
 146.6838   146.33186  103.06031   76.5026    67.50848  107.52984
  73.3527    78.84754   64.33055   76.20816   70.41733   76.153145
  72.75098  118.49364 ]","['t' 'd' 't' 's' 'd' 'd' 's' 's' 'd' 'd' 't' 'd' 't' 's' 't' 'd' 'd' 'd'
 'd' 'd']",59.687716393292774,140380
O=C(C=Cc1ccc(O)c(O)c1)OCC(=CCO)COC1OC(CO)C(O)C(O)C1O,"[167.9126   116.950264 144.73595  127.00571  121.788185 115.75381
 147.11353  147.02939  114.305504  62.38589  136.46585  134.56192
  59.30796   67.614136 103.15372   77.77522   62.110718  70.00019
  75.426834  72.908806]","['s' 'd' 'd' 's' 'd' 'd' 's' 's' 'd' 't' 's' 'd' 't' 't' 'd' 'd' 't' 'd'
 'd' 'd']",59.687169019207694,88942
O=C(C=Cc1ccc(O)c(O)c1)OC1C(O)C(CO)OC(OCC(=CCO)CO)C1O,"[168.21237  116.565605 145.14967  127.24482  121.87711  115.89485
 147.36528  147.1589   114.35766   76.24302   68.77044   77.91301
  61.624012 103.232346  67.60723  141.39114  132.09834   59.943443
  60.95589   70.807175]","['s' 'd' 'd' 's' 'd' 'd' 's' 's' 'd' 'd' 'd' 'd' 't' 'd' 't' 's' 'd' 't'
 't' 'd']",59.553811254891514,141756
CCC(C)=CC(=O)OC1C(O)C(CO)OC(OCCCc2ccc(O)c(O)c2)C1O,"[ 11.307172  30.50404  164.14398   20.51511  114.964226 168.20819
  76.48458   68.26488   78.00326   62.27431  104.37196   70.4216
  29.707691  31.614708 135.42902  121.01076  115.49461  144.9651
 145.89175  116.51763   69.854485]","['q' 't' 's' 'q' 'd' 's' 'd' 'd' 'd' 't' 'd' 't' 't' 't' 's' 'd' 'd' 's'
 's' 'd' 'd']",59.494557910257,107564
CC(COC1OC(COC(=O)C=Cc2ccc(O)c(O)c2)C(O)C(O)C1O)C1(O)COC(=O)C1,"[ 12.57715   40.777996  73.54748  104.16593   74.847244  64.110855
 167.98457  116.479256 145.83775  127.45711  122.147446 116.19221
 147.08731  146.91974  115.011505  70.715675  75.78553   73.47666
  78.00475   74.05659  176.82259   38.18005 ]","['q' 'd' 't' 'd' 'd' 't' 's' 'd' 'd' 's' 'd' 'd' 's' 's' 'd' 'd' 'd' 'd'
 's' 't' 's' 't']",59.46848464239612,10963
CC1=C2CCC(C)C2CC(C(C)(C)O)C(OC(=O)C=Cc2ccc(O)cc2)C1,"[ 21.574848 130.68654  143.4908    26.238605  26.406683  37.585495
  18.31818   45.111023  26.985195  51.52458   72.82112   28.268988
  28.03972   72.37504  166.93997  116.41785  142.43094  127.29802
 131.92415  116.04699  157.73685  116.2351   131.87665   40.588722]","['q' 's' 's' 't' 't' 'd' 'q' 'd' 't' 'd' 's' 'q' 'q' 'd' 's' 'd' 'd' 's'
 'd' 'd' 's' 'd' 'd' 't']",59.30729385400613,25835
O=C(CCc1ccc(O)c(O)c1)CC(CCc1ccc(O)cc1)OC1OCC(O)C(O)C1O,"[218.54182   45.78772   28.637625 132.51103  119.706696 115.45422
 145.35165  146.4398   116.62524   49.75014   75.04892   36.582806
  31.283106 134.39223  131.63646  116.04743  156.29465  115.98433
 131.65482  102.066536  65.58861   69.08916   75.75434   73.28267 ]","['s' 't' 't' 's' 'd' 'd' 's' 's' 'd' 't' 'd' 't' 't' 's' 'd' 'd' 's' 'd'
 'd' 'd' 't' 'd' 'd' 'd']",59.30706590004911,126814
CC(=CCO)COC1OC(COC(=O)Cc2ccc(O)c(O)c2)C(O)C(O)C1O,"[ 16.524927 137.48828  128.3458    60.204716  70.67733  103.20747
  74.92582   63.461815 175.6255    39.753452 125.1976   121.335526
 115.66162  145.79787  145.834    117.36921   69.46598   75.737526
  72.40031 ]","['q' 's' 'd' 't' 't' 'd' 'd' 't' 's' 't' 's' 'd' 'd' 's' 's' 'd' 'd' 'd'
 'd']",59.265228471536986,155964
CC(=CCO)COC1OC(CO)C(O)C(O)C1OC(=O)Cc1ccc(O)c(O)c1,"[ 16.449825 137.54622  128.28577   60.158203  70.818375  99.929474
  77.72076   61.866863  69.49427   73.6506    73.45375  174.20065
  39.649998 125.2057   121.297905 115.61877  145.38731  145.92503
 117.5468  ]","['q' 's' 'd' 't' 't' 'd' 'd' 't' 'd' 'd' 'd' 's' 't' 's' 'd' 'd' 's' 's'
 'd']",59.20472068286928,100341
CC1=C(CC=CCCOC2OC(COC(=O)C=Cc3ccc(O)c(O)c3)C(O)C(O)C2O)C(=O)CC1,"[ 17.63465  169.24072  138.10382   23.349974 131.83656  128.70285
  30.12324   71.3811   102.9102    75.58164   63.80369  167.33754
 116.550804 144.2944   126.804695 121.42097  115.69652  146.78146
 146.06122  114.29811   70.050064  76.75443   73.321205 209.11581
  30.4877    28.146921]","['q' 's' 's' 't' 'd' 'd' 't' 't' 'd' 'd' 't' 's' 'd' 'd' 's' 'd' 'd' 's'
 's' 'd' 'd' 'd' 'd' 's' 't' 't']",59.16131645453208,118816
COc1cc(CCOC2OC(OC3OCC(O)(CO)C3O)C(O)C(O)C2O)ccc1O,"[ 56.265396 148.32588  114.98827  130.13795   35.648052  70.99853
 101.00861   97.83317  105.71109   73.23939   79.32749   64.168526
  75.39336   72.81347   73.37994   72.21763  124.830666 116.02143
 145.85616 ]","['q' 's' 'd' 's' 't' 't' 'd' 'd' 'd' 't' 's' 't' 'd' 'd' 'd' 'd' 'd' 'd'
 's']",58.95975150801803,172182
O=C(CCc1ccc(O)c(O)c1)CC(CCc1ccc(O)c(O)c1)OC1OC(CO)C(O)C(O)C1O,"[219.7898    45.667355  29.144293 132.77692  120.027596 116.01668
 145.59435  146.4128   116.7748    49.440025  74.94168   36.079098
  32.103382 134.40756  120.153534 116.00731  145.28535  146.53174
 116.72765  103.825676  77.699455  62.48091   70.61428   76.21758
  73.24974 ]","['s' 't' 't' 's' 'd' 'd' 's' 's' 'd' 't' 'd' 't' 't' 's' 'd' 'd' 's' 's'
 'd' 'd' 'd' 't' 'd' 'd' 'd']",58.955452321347295,25745
C=CCc1ccc(OC2OC(COC3OCC(O)(CO)C3O)C(O)C(O)C2O)c(O)c1,"[117.1884   139.3082    40.393192 134.67216  120.480835 115.93589
 145.59276  103.02174   76.394554  67.0169   107.584145  73.17225
  79.23256   64.534584  76.09051   70.544205  76.04937   72.8986
 147.91843  118.250725]","['t' 'd' 't' 's' 'd' 'd' 's' 'd' 'd' 't' 'd' 't' 's' 't' 'd' 'd' 'd' 'd'
 's' 'd']",58.945089529429,127032
CC(=O)OC(CCCCc1ccc(O)cc1)CCc1ccc(O)c(O)c1,"[ 21.16825  171.76712   72.82378   33.76125   23.341038  28.8917
  34.35113  134.30496  131.21823  116.120224 155.69131  116.06262
 131.17609   35.84457   32.26562  133.54857  121.70626  115.16545
 144.24902  145.58856  116.373566]","['q' 's' 'd' 't' 't' 't' 't' 's' 'd' 'd' 's' 'd' 'd' 't' 't' 's' 'd' 'd'
 's' 's' 'd']",58.93424396199095,33330
COc1c2cc(c(O)c1OC)CCCCC(OC1OCC(O)C(O)C1O)CCc1ccc(O)c-2c1,"[ 60.74198  150.6243   124.24666  125.97544  124.87158  150.28476
 141.67027   60.42045   28.470528  24.325298  22.986813  32.003834
  75.50411  104.237236  65.48669   69.40457   75.50359   73.05748
  34.377934  30.045015 131.69063  133.09785  116.19983  153.9229
 125.85184  130.97307 ]","['q' 's' 's' 'd' 's' 's' 's' 'q' 't' 't' 't' 't' 'd' 'd' 't' 'd' 'd' 'd'
 't' 't' 's' 'd' 'd' 's' 's' 'd']",58.849228854179735,58251
CC(C)(O)C1CC=C(C(=O)OCC2OC(OC3(CO)OC(CO)C(O)C3O)C(O)C(O)C2O)CC1,"[ 27.388327  73.665825  26.828604  45.12192   27.447613 142.24835
 131.05716  168.93411   65.90557   74.78751   96.53207  107.350235
  65.16574   79.803474  62.925835  73.88817   76.95292   73.35312
  75.84134   71.32432   27.306364  24.956938]","['q' 's' 'q' 'd' 't' 'd' 's' 's' 't' 'd' 'd' 's' 't' 'd' 't' 'd' 'd' 'd'
 'd' 'd' 't' 't']",58.57460674060772,96490
C=C1C(OC(=O)C=Cc2ccc(O)c(O)c2)CC(O)C2(C)CC(O)C(C(C)C)CC12,"[110.60591  145.2654    74.51512  167.75237  116.981346 144.81638
 128.2036   121.43435  115.69325  146.46109  146.09267  114.03224
  34.573837  73.483154  40.297276  14.085837  43.16475   68.49088
  48.549526  29.529844  21.02949   20.99695   24.943745  45.661182]","['t' 's' 'd' 's' 'd' 'd' 's' 'd' 'd' 's' 's' 'd' 't' 'd' 's' 'q' 't' 'd'
 'd' 'd' 'q' 'q' 't' 'd']",58.44860864420294,87272
O=C(C=Cc1ccc(O)c(O)c1)OC1C(CO)OC(OCC(=CCO)CO)C(O)C1O,"[167.81203  116.27469  144.69615  126.99815  122.01937  116.00628
 147.35866  147.1163   114.33483   70.91284   75.39084   62.219395
 102.580376  67.311905 141.8038   132.2659    60.004856  61.082973
  72.74307   73.979866]","['s' 'd' 'd' 's' 'd' 'd' 's' 's' 'd' 'd' 'd' 't' 'd' 't' 's' 'd' 't' 't'
 'd' 'd']",58.40932686768728,157165
CC(=O)OC(CCC=Cc1ccc(O)cc1)CCc1ccc(O)c(O)c1,"[ 21.207754 172.26468   72.52598   34.355576  27.005468 129.81316
 131.75276  128.93674  129.46422  116.32186  157.45818  116.2998
 129.51027   36.027042  31.808577 134.15997  121.73699  115.465164
 144.70354  145.53844  116.274864]","['q' 's' 'd' 't' 't' 'd' 'd' 's' 'd' 'd' 's' 'd' 'd' 't' 't' 's' 'd' 'd'
 's' 's' 'd']",58.3711348632137,103536
O=C(CCc1ccc(O)cc1)CC(O)CCc1ccc(O)c(O)c1,"[217.01784   45.51801   28.05913  131.88504  130.91692  115.82012
 156.57042  115.8557   131.13564   51.137016  64.81212   37.971607
  31.388683 133.33334  120.5053   115.56614  144.99052  146.06522
 116.41873 ]","['s' 't' 't' 's' 'd' 'd' 's' 'd' 'd' 't' 'd' 't' 't' 's' 'd' 'd' 's' 's'
 'd']",58.20294768969961,10630
C=C1CCC=C(C)CC(OC(=O)C=Cc2ccc(O)cc2)CC(C)(C)CC1OO,"[120.57115  149.10606   33.491997  25.456232 130.42583  141.58978
  22.80094   39.493572  74.20761  168.25969  117.74195  144.49455
 127.874275 131.36781  116.08003  158.23529  115.96781  131.35526
  39.853527  31.887793  27.735792  28.0545    39.70801   84.27641 ]","['t' 's' 't' 't' 'd' 's' 'q' 't' 'd' 's' 'd' 'd' 's' 'd' 'd' 's' 'd' 'd'
 't' 's' 'q' 'q' 't' 'd']",58.15471047609276,45764
O=C1C=C2CCC(OC3OC(COC(=O)c4cc(O)c(O)c(O)c4)C(O)C(O)C3O)CC2O1,"[175.67262  114.30627  170.40921   24.203596  30.000551  71.688576
 104.1884    76.09497   64.553154 167.49323  121.30256  109.35288
 145.99814  140.1232   145.88164  109.50217   71.0956    76.32816
  72.75146   35.26388   79.598434]","['s' 'd' 's' 't' 't' 'd' 'd' 'd' 't' 's' 's' 'd' 's' 's' 's' 'd' 'd' 'd'
 'd' 't' 'd']",58.13462364775813,33459
C=C1CCC=C(C)CC(OC(=O)C=Cc2ccc(O)cc2)CC(C)(C)CC1O,"[114.596855 152.01785   33.434765  25.077282 130.58286  141.42632
  22.561602  39.67362   72.3474   167.52979  118.46823  144.34024
 128.33574  132.41428  116.368965 158.1586   116.24033  132.40054
  39.875298  32.163967  27.321272  27.755505  43.74494   72.71076 ]","['t' 's' 't' 't' 'd' 's' 'q' 't' 'd' 's' 'd' 'd' 's' 'd' 'd' 's' 'd' 'd'
 't' 's' 'q' 'q' 't' 'd']",58.10334390517701,115642
O=C(CCc1ccc(O)c(O)c1)CC(CCc1ccc(O)c(O)c1)OC1OCC(O)C(O)C1O,"[218.64519   45.585716  28.922192 132.46346  119.74842  115.82664
 145.52335  146.40932  116.579544  49.784534  75.32783   36.23386
  32.600456 134.23792  120.06306  115.77113  145.48232  146.1138
 116.66284  102.54887   65.5808    69.28614   75.307304  73.13718 ]","['s' 't' 't' 's' 'd' 'd' 's' 's' 'd' 't' 'd' 't' 't' 's' 'd' 'd' 's' 's'
 'd' 'd' 't' 'd' 'd' 'd']",58.07964183003389,11897
CC1(C)CCC(OC(=O)C=Cc2ccc(O)cc2)C2(C)C3C(=CCC12)COC3O,"[ 26.19885   31.90137   26.07837   38.10336   23.996807  78.47675
 167.98294  116.97989  143.37337  127.62806  130.92366  115.5713
 158.48418  115.538475 130.8933    43.23167   15.278766  54.709236
 137.41072  123.85887   26.017588  47.719948  71.634     99.721756]","['q' 's' 'q' 't' 't' 'd' 's' 'd' 'd' 's' 'd' 'd' 's' 'd' 'd' 's' 'q' 'd'
 's' 'd' 't' 'd' 't' 'd']",58.023432619057,116996
CC1=CCC(C(C)(C)OC2OC(COC(=O)c3cc(O)c(O)c(O)c3)C(O)C(O)C2O)CC1,"[ 23.026213 134.9659   120.01555   26.303152  42.261898  81.89668
  25.3021    25.056879 100.52756   76.19558   63.905693 167.83235
 121.45139  108.70327  145.70137  138.76376  145.6315   108.83321
  70.14954   77.46205   73.16888   24.897062  30.521168]","['q' 's' 'd' 't' 'd' 's' 'q' 'q' 'd' 'd' 't' 's' 's' 'd' 's' 's' 's' 'd'
 'd' 'd' 'd' 't' 't']",57.978865473693524,80803
COc1cc(C=CCO)ccc1OC1OC(CO)C(O)C(O)C1OC1OCC(O)(CO)C1O,"[ 56.16366  150.9306   112.09417  130.34601  133.04124  131.3542
  62.239952 120.98863  117.1818   147.75352  101.73417   77.26736
  61.60924   70.69567   75.66811   75.62666  106.7961    73.219376
  79.0721    63.62936   75.68811 ]","['q' 's' 'd' 's' 'd' 'd' 't' 'd' 'd' 's' 'd' 'd' 't' 'd' 'd' 'd' 'd' 't'
 's' 't' 'd']",57.93551987172807,156579
CC1CC(OC2OC(CO)C(O)C(O)C2OC(=O)Cc2ccc(O)c(O)c2)CC(=O)O1,"[ 20.755205  74.706535  37.08842   71.82829  101.66038   77.96093
  62.012947  70.83298   74.270035  73.100426 174.58705   39.68806
 125.05338  122.16251  115.88409  146.11465  146.79573  118.459236
  35.754494 172.29298 ]","['q' 'd' 't' 'd' 'd' 'd' 't' 'd' 'd' 'd' 's' 't' 's' 'd' 'd' 's' 's' 'd'
 't' 's']",57.909418077189784,49387
C=CC(=C)CCC(OC(=O)C=Cc1ccccc1)C(C)(C)O,"[113.95418  141.16814  146.27254  118.25111   28.578518  26.896168
  78.70011  167.4158   117.74083  142.01631  135.003    127.74407
 128.42424  128.87183  128.26862  127.874344  72.21453   25.712965
  25.609127]","['t' 'd' 's' 't' 't' 't' 'd' 's' 'd' 'd' 's' 'd' 'd' 'd' 'd' 'd' 's' 'q'
 'q']",57.8914912807564,108723
O=C1CCC(O)(CCOC2OC(COC(=O)C=Cc3ccc(O)c(O)c3)C(O)C(O)C2O)CC1,"[213.05339   36.064877  35.217842  68.21041   40.143623  66.615265
 103.61478   74.785675  63.86807  168.44278  115.33631  145.06252
 127.33655  121.501114 115.537285 146.69937  146.69221  114.590614
  70.43271   76.28174   73.3334    34.864925  35.806587]","['s' 't' 't' 's' 't' 't' 'd' 'd' 't' 's' 'd' 'd' 's' 'd' 'd' 's' 's' 'd'
 'd' 'd' 'd' 't' 't']",57.88608588738636,28896
CC(=O)c1ccc2c(c1)C=CC(C)(COC1OC(COC(=O)CC(C)(O)CC(=O)O)C(O)C(O)C1O)O2,"[ 26.360796 198.74161  130.86508  129.20724  116.062935 157.28883
 124.048775 128.25197  120.31695  130.9223    81.39315   23.86227
  72.03396  104.29135   74.588615  63.575607 174.21004   44.246223
  66.46932   25.847311  43.84084  175.92169   70.10061   75.90806
  73.226585]","['q' 's' 's' 'd' 'd' 's' 's' 'd' 'd' 'd' 's' 'q' 't' 'd' 'd' 't' 's' 't'
 's' 'q' 't' 's' 'd' 'd' 'd']",57.8006149342801,25691
CCC(C)C(=O)OC1C(OC(CCc2ccc(O)c(O)c2)CC(=O)CCc2ccc(O)c(O)c2)OCC(O)C1O,"[  9.785512  27.661102  40.58153   17.334476 176.9796    73.38208
  99.35949   75.2214    35.896114  32.246777 133.78505  120.40437
 115.81855  144.97064  145.92155  116.33862   49.96114  218.1088
  44.909813  28.960571 132.01558  120.22574  115.59797  144.6291
 145.82494  116.34462   66.14438   68.48664   72.34641 ]","['q' 't' 'd' 'q' 's' 'd' 'd' 'd' 't' 't' 's' 'd' 'd' 's' 's' 'd' 't' 's'
 't' 't' 's' 'd' 'd' 's' 's' 'd' 't' 'd' 'd']",57.76940091456945,151451
CC(=CCO)COC1OC(CO)C(O)C(OC(=O)Cc2ccc(O)c(O)c2)C1O,"[ 16.711882 137.72467  128.4132    60.121082  70.77988  103.49919
  77.40599   62.187824  68.03414   75.97645  174.768     39.87022
 125.01559  121.40944  115.789314 145.5739   145.8488   117.58416
  69.584785]","['q' 's' 'd' 't' 't' 'd' 'd' 't' 'd' 'd' 's' 't' 's' 'd' 'd' 's' 's' 'd'
 'd']",57.71120274778283,69318
CC(C)(O)C1Cc2c(ccc(CCC(=O)O)c2OC2OC(CO)C(O)C(O)C2O)O1,"[ 24.873682  71.84999   25.124996  91.21388   27.339964 116.97034
 162.93623  105.772095 132.21704  125.52677   25.539408  33.580433
 179.97632  155.45222  104.2754    77.7642    61.984608  69.89588
  75.899605  72.909004]","['q' 's' 'q' 'd' 't' 's' 's' 'd' 'd' 's' 't' 't' 's' 's' 'd' 'd' 't' 'd'
 'd' 'd']",57.67709744351288,96649
CCCCOC(=O)C(O)Cc1ccc(OC2OC(CO)C(O)C(O)C2O)c(O)c1,"[ 12.273776  19.18799   29.009575  66.158295 176.69427   72.01237
  40.743034 132.62897  121.169754 116.59269  146.53069  103.46929
  78.751     62.300343  70.48882   76.89978   72.95291  147.78471
 118.71871 ]","['q' 't' 't' 't' 's' 'd' 't' 's' 'd' 'd' 's' 'd' 'd' 't' 'd' 'd' 'd' 's'
 'd']",57.67435202511419,168646
COc1cc(COC2OC(COC3OCC(O)(CO)C3O)C(O)C(O)C2O)ccc1O,"[ 56.178288 148.61075  112.53007  129.57117   72.18605  102.596565
  74.08047   67.27933  106.887     72.96482   79.53236   63.856583
  76.36275   70.60468   74.27156   72.328636 120.87737  115.73696
 146.93573 ]","['q' 's' 'd' 's' 't' 'd' 'd' 't' 'd' 't' 's' 't' 'd' 'd' 'd' 'd' 'd' 'd'
 's']",57.652846658340174,142919
COC1C=CC2=CCN3CCc4cc(OC5OC(CO)C(O)C(O)C5O)c(O)cc4C23C1,"[ 57.767376  73.30249  130.59982  125.719864 141.46251  118.45137
  55.729485  45.95325   26.09565  125.862404 115.07433  145.39339
 103.87822   78.79751   61.9519    70.44453   77.8781    73.230835
 145.71068  114.3563   131.48717   68.47288   40.602898]","['q' 'd' 'd' 'd' 's' 'd' 't' 't' 't' 's' 'd' 's' 'd' 'd' 't' 'd' 'd' 'd'
 's' 'd' 's' 's' 't']",57.62189099807071,89908
Oc1ccc(CCC2CCCC(c3ccc(O)c(O)c3)O2)cc1,"[155.04463  115.81033  130.9732   132.96822   31.058819  37.006042
  76.82279   26.90033   23.017208  30.234549  80.443405 134.03369
 118.54733  115.41519  145.27037  146.461    112.428764 130.88637
 115.81974 ]","['s' 'd' 'd' 's' 't' 't' 'd' 't' 't' 't' 'd' 's' 'd' 'd' 's' 's' 'd' 'd'
 'd']",57.612770911789035,109272
C=CC(C)(O)CCC=C(C)C(=O)OCC1OC(Oc2ccc(O)cc2)C(O)C(O)C1O,"[113.66341  146.66554   75.69479   27.129988  38.1549    23.792397
 141.38965  129.14627   17.050947 168.95976   63.566093  76.5118
 102.22785  150.42491  118.17931  116.41446  152.30927  116.2788
 118.07725   72.287575  77.11372   69.68782 ]","['t' 'd' 's' 'q' 't' 't' 'd' 's' 'q' 's' 't' 'd' 'd' 's' 'd' 'd' 's' 'd'
 'd' 'd' 'd' 'd']",57.57498602727652,71808
O=C(O)CC1CCC(=O)C1CC=CCCOC1OC(COC(=O)c2cc(O)c(O)c(O)c2)C(O)C(O)C1O,"[177.46924   38.951397  35.025463  24.071438  33.78404  223.0465
  51.1189    28.494417 132.3321   131.19348   31.331808  72.402824
 104.0389    75.89721   64.57366  167.52888  121.785614 109.48584
 145.45894  139.27579  145.2653   109.63112   70.786354  76.92292
  73.777   ]","['s' 't' 'd' 't' 't' 's' 'd' 't' 'd' 'd' 't' 't' 'd' 'd' 't' 's' 's' 'd'
 's' 's' 's' 'd' 'd' 'd' 'd']",57.469163815223034,73217
CC1=CCC2C(C)(C)CCCC2(C)C1COC(=O)C=Cc1ccc(O)c(O)c1,"[ 22.904175 134.41191  121.538895  24.267744  50.79688   33.103966
  27.104816  26.843851  39.881912  17.79655   37.429028  36.30346
  16.259972  53.482155  64.2524   168.10489  119.03671  144.81786
 127.779816 122.58636  114.84995  146.51569  146.0872   113.75834 ]","['q' 's' 'd' 't' 'd' 's' 'q' 'q' 't' 't' 't' 's' 'q' 'd' 't' 's' 'd' 'd'
 's' 'd' 'd' 's' 's' 'd']",57.4661087681238,70175
CC(O)(CC(=O)O)CC(=O)OCc1ccc(OC2OC(CO)C(O)C(O)C2O)cc1,"[ 25.936861  69.11613   44.533794 177.5248    44.881977 175.11269
  67.421455 129.9813   130.56413  116.6709   158.21194  101.26237
  77.13203   61.837013  70.44456   75.48292   72.364494 116.7371
 130.88042 ]","['q' 's' 't' 's' 't' 's' 't' 's' 'd' 'd' 's' 'd' 'd' 't' 'd' 'd' 'd' 'd'
 'd']",57.40244470196633,119829
O=C(Cc1ccc(O)c(O)c1)OC1C(O)C(CO)OC(OCCc2ccc(O)c(O)c2)C1O,"[175.44182   40.275272 125.60856  121.440605 116.33476  146.39485
 146.86183  117.077774  75.21265   68.79179   77.31076   62.17195
 104.57985   72.45327   35.782764 129.88126  121.55717  116.60586
 145.89412  146.7133   117.697334  70.16125 ]","['s' 't' 's' 'd' 'd' 's' 's' 'd' 'd' 'd' 'd' 't' 'd' 't' 't' 's' 'd' 'd'
 's' 's' 'd' 'd']",57.3518786981321,54872
CC1OC=C(C(=O)OCCCc2ccc(O)c(O)c2)C(CC(=O)O)C1C=O,"[ 19.186724  73.43872  155.72192  108.80031  168.33955   63.88585
  28.156761  31.187773 134.76006  120.63627  115.904465 145.5429
 145.71396  116.38284   29.601816  37.337685 176.0654    53.16886
 201.73926 ]","['q' 'd' 'd' 's' 's' 't' 't' 't' 's' 'd' 'd' 's' 's' 'd' 'd' 't' 's' 'd'
 'd']",57.34394177189698,151622
C=CCc1ccc(OC2OC(COC(=O)CC(=O)O)C(O)C(O)C2O)c(OC)c1,"[117.173996 137.94691   41.202477 134.19905  121.7003   116.85952
 146.21347  103.08011   75.613686  64.26358  170.46107   41.549965
 172.11018   69.52055   76.40905   73.467735 149.7142    56.053047
 114.31144 ]","['t' 'd' 't' 's' 'd' 'd' 's' 'd' 'd' 't' 's' 't' 's' 'd' 'd' 'd' 's' 'q'
 'd']",57.34089619400747,109072
CCCCC(OC1OC(COC(=O)c2cc(O)c(O)c(O)c2)C(O)C(O)C1O)C(C)CC(=O)O,"[ 12.180371  22.623266  27.906124  32.10736   84.454765 104.25849
  76.18075   64.19524  168.13802  121.47408  109.38155  145.73169
 139.96486  145.66808  109.533714  70.598595  76.42148   73.23841
  36.19838   17.123684  39.542374 178.84848 ]","['q' 't' 't' 't' 'd' 'd' 'd' 't' 's' 's' 'd' 's' 's' 's' 'd' 'd' 'd' 'd'
 'd' 'q' 't' 's']",57.316759084967664,125730
COC(=O)C1=COC(OC2OC(CO)C(O)C(O)C2O)C(=CCO)C1CC(=O)OCCc1ccc(O)c(O)c1,"[ 52.09328  168.51933  109.61644  152.79155   97.08984  102.33674
  78.60229   62.447987  70.47202   77.21315   73.68342  135.0685
 130.80904   60.94816   32.21377   39.390736 175.64043   66.58254
  34.228867 129.80167  121.54068  115.81796  145.6902   146.80682
 117.26763 ]","['q' 's' 's' 'd' 'd' 'd' 'd' 't' 'd' 'd' 'd' 's' 'd' 't' 'd' 't' 's' 't'
 't' 's' 'd' 'd' 's' 's' 'd']",57.3029939664709,128710
COc1cc(C(O)CCO)ccc1OC1OC(CO)C(O)C(O)C1OC1OCC(O)(CO)C1O,"[ 56.195625 150.89044  112.355064 141.45418   72.38206   39.882435
  61.25455  117.78457  115.21413  147.4129   101.35191   76.861595
  62.108894  70.483505  75.74431   74.66289  106.3276    73.319405
  79.12015   64.23491   76.26986 ]","['q' 's' 'd' 's' 'd' 't' 't' 'd' 'd' 's' 'd' 'd' 't' 'd' 'd' 'd' 'd' 't'
 's' 't' 'd']",57.198793822548524,155983
CC(C)C1CCC2(C)CCCC(C)(O)C2C1OC(=O)C=Cc1ccc(O)cc1,"[ 21.19881   28.773872  20.947956  48.000935  21.88027   36.182903
  35.19399   22.032696  37.310047  17.360474  40.875965  71.92897
  26.099148  55.531315  75.21043  167.1924   117.661354 143.93964
 127.65849  131.6331   115.75613  158.08661  115.71897  131.31395 ]","['q' 'd' 'q' 'd' 't' 't' 's' 'q' 't' 't' 't' 's' 'q' 'd' 'd' 's' 'd' 'd'
 's' 'd' 'd' 's' 'd' 'd']",57.174073875461055,27489
